<?xml version="1.0" encoding="UTF-8"?>
<DARoots Version="1" Minor="26">
  <FileSet Name="sim_1" Type="SimulationSrcs" RelSrcDir="$PSRCDIR/sim_1">
    <File Path="$PPRDIR/../test_mem_control.vhd">
      <FileInfo>
        <Attr Name="UsedInSynthesis" Val="1"/>
        <Attr Name="UsedInSimulation" Val="1"/>
      </FileInfo>
    </File>
    <File Path="$PPRDIR/../test_MEMORY_BLOCK_NEW.vhd">
      <FileInfo>
        <Attr Name="UsedInSynthesis" Val="1"/>
        <Attr Name="UsedInSimulation" Val="1"/>
      </FileInfo>
    </File>
    <File Path="$PPRDIR/../test_clkgen1M.vhd">
      <FileInfo>
        <Attr Name="UsedInSynthesis" Val="1"/>
        <Attr Name="UsedInSimulation" Val="1"/>
      </FileInfo>
    </File>
    <File Path="$PPRDIR/../test_MEM_CONTROL_GEN.vhd">
      <FileInfo>
        <Attr Name="UsedInSynthesis" Val="1"/>
        <Attr Name="UsedInSimulation" Val="1"/>
      </FileInfo>
    </File>
    <File Path="$PPRDIR/../test2_stop_block.vhd">
      <FileInfo>
        <Attr Name="UsedInSynthesis" Val="1"/>
        <Attr Name="UsedInSimulation" Val="1"/>
      </FileInfo>
    </File>
    <File Path="$PPRDIR/../test_CS_gen.vhd">
      <FileInfo>
        <Attr Name="UsedInSynthesis" Val="1"/>
        <Attr Name="UsedInSimulation" Val="1"/>
      </FileInfo>
    </File>
    <File Path="$PPRDIR/../test_sync.vhd">
      <FileInfo>
        <Attr Name="UsedInSynthesis" Val="1"/>
        <Attr Name="UsedInSimulation" Val="1"/>
      </FileInfo>
    </File>
    <Config>
      <Option Name="DesignMode" Val="RTL"/>
      <Option Name="TopModule" Val="test_CS_gen"/>
      <Option Name="SimulationRunTime" Val="4000 ns"/>
      <Option Name="UnitUnderTest" Val="UUT"/>
      <Option Name="SrcSet" Val="sources_1"/>
      <Option Name="FuseNoDebug" Val="1"/>
      <Option Name="NGOutputHDLFormat" Val="vhdl"/>
      <Option Name="NGRetainHierarchy" Val="1"/>
    </Config>
  </FileSet>
</DARoots>
